subject,relabeled,stimulus,MAV,MAV_STD,IAV,IAV_STD,RMS,RMS_STD,WL,WL_STD,SSC,SSC_STD,VAR,VAR_STD,CoV,TD,TD_STD,MAVS,MAVS_STD,MNP,MNP_STD,MNF,MNF_STD,mDWT,mDWT_STD
s1,0,0,0.3096548911864095,0.0066383941268642385,123.8619564745638,0.0066383941268642385,0.30988352621764703,0.0066383941268642385,0.022650596130167556,6.683544510257634e-05,0.1673925667828107,0.00831531992139664,0.00023017916587757508,0.0066383941268642385,0.020484485786121505,0.022650596130167556,6.683544510257634e-05,5.67684113538034e-05,6.683544510257634e-05,0.12390967607878935,0.005944360672184332,11.101360264713154,0.009213930861357378,38.403658583196616,15.358222726523964
s10,0,0,0.702393985165648,0.009298743354594434,280.95759406625916,0.009298743354594434,0.702573713995606,0.009307813985009801,0.03235514346321551,8.90623936022032e-05,0.16571620261657163,0.008181867955042903,0.00027316513840493944,0.009307813985009801,0.014530494447865309,0.03235514346321551,8.90623936022032e-05,8.109058512084088e-05,8.90623936022032e-05,0.5605968766811297,0.01468628619908792,7.912699498860679,0.006602243076679504,87.11037838473318,34.83955334076149
s2,0,0,0.4948659445465631,0.0070428559362529135,197.94637781862522,0.0070428559362529135,0.4950139035692134,0.007043751663443093,0.024427139677691098,4.615222572979571e-05,0.1688030888030888,0.008345460229500152,0.0002027634821705963,0.007043751663443093,0.013642422075136561,0.024427139677691098,4.615222572979571e-05,6.122090144784736e-05,4.615222572979571e-05,0.28472176706187985,0.00911066867169367,7.900067586283724,0.006469940922111526,61.36891014921352,24.544851208200047
s3,0,0,0.4106199800807377,0.008435891231313173,164.2479920322951,0.008435891231313173,0.4108781510891695,0.008435891231313173,0.02903413525137227,9.316611319353299e-05,0.1667374681393373,0.008246287897666129,0.00027177707635410035,0.008435891231313173,0.019859742491184603,0.02903413525137227,9.316611319353299e-05,7.276725626910343e-05,9.316611319353299e-05,0.22096019162052813,0.009164895925544397,10.88009517324705,0.00937023685210802,50.92596708764816,20.3654904790142
s4,0,0,0.36787494593146636,0.007037216965574134,147.14997837258653,0.007037216965574134,0.36805338163450096,0.007037216965574134,0.02428500270851565,4.2016442027189766e-05,0.170186790379685,0.008466101991828798,0.00017623922340510541,0.007037216965574134,0.017421040624504967,0.02428500270851565,4.2016442027189766e-05,6.086466844239511e-05,4.2016442027189766e-05,0.16403261734213162,0.0070220335418795425,9.652140479551393,0.007958090757102469,45.62141981699153,18.245984739579153
s5,0,0,0.28549684167644584,0.005834727304910427,114.19873667057836,0.005834727304910427,0.2856806975401698,0.0058377153104137705,0.020211489153129748,3.195119539070668e-05,0.17903316469926925,0.008945622214115125,0.00018301204389011095,0.0058377153104137705,0.017657675613785485,0.020211489153129748,3.195119539070668e-05,5.065536128603947e-05,3.195119539070668e-05,0.11262106554904197,0.005520298131269786,9.547254742825029,0.007745402490764505,35.404356240456615,14.15981518008811
s6,0,0,0.5500447602681207,0.008009986703535288,220.01790410724826,0.008009986703535288,0.5502298825641411,0.008009986703535288,0.027466058578779377,8.136115698946583e-05,0.16912516430553526,0.008375893838857023,0.00024198828189103694,0.008009986703535288,0.014591946410499934,0.027466058578779377,8.136115698946583e-05,6.883723954581297e-05,8.136115698946583e-05,0.3654269633649994,0.010641958765035637,8.246417613439245,0.006983275432232351,68.21348998161,27.281340073598802
s7,0,0,0.3037558368885094,0.006583443617867749,121.50233475540377,0.006583443617867749,0.303983307342519,0.006584692545214025,0.02266363668470593,4.227874271487076e-05,0.16628944215151112,0.008277863160845535,0.0002230906324825257,0.006584692545214025,0.024091569189914175,0.02266363668470593,4.227874271487076e-05,5.6801094447884545e-05,4.227874271487076e-05,0.16816879504652704,0.0068676210178836615,12.639104848219038,0.01031469080869897,37.6694673080596,15.065363115101386
s8,0,0,0.2821108894418801,0.006257784529330524,112.84435577675205,0.006257784529330524,0.2823150565342137,0.006257784529330524,0.02155592661269264,3.7775855561835736e-05,0.1754248366013072,0.008716831798530568,0.00013947891371745278,0.006257784529330524,0.02367836791100748,0.02155592661269264,3.7775855561835736e-05,5.4024878728552985e-05,3.7775855561835736e-05,0.12928995916648012,0.0050121262939385285,12.466422224559913,0.010168363359465906,34.98736800542602,13.992712308240481
s9,0,0,0.24991610321643032,0.004591395097326977,99.96644128657213,0.004591395097326977,0.25008061129940845,0.004591395097326977,0.01590624095039854,4.6178387610084875e-05,0.17556833744179676,0.008764546300182292,0.0001815207473325951,0.004591395097326977,0.014095428480256696,0.01590624095039854,4.6178387610084875e-05,3.986526553984596e-05,4.6178387610084875e-05,0.08322158399276984,0.004405501995250247,7.671762053566341,0.006326945345794758,30.994133733157796,12.39539880552797
s1,22,5,0.9407627116361627,0.03465179498047611,376.3050846544651,0.03465179498047611,0.9431660148041158,0.03465179498047611,0.11460351183776295,0.0011647563414882928,0.18382352941176472,0.009202657979775384,0.0038201889482779618,0.03465179498047611,0.04508554993644225,0.11460351183776295,0.0011647563414882928,0.00028722684671118534,0.0011647563414882928,0.9760988293148841,0.059366108062570505,20.54907349995055,0.02251395284081753,116.71553865497901,46.64439894062315
s10,22,5,1.0372624250509392,0.03539226900993649,414.9049700203757,0.03539226900993649,1.0384593450302526,0.03539226900993649,0.12021049528899588,0.0003467985311348833,0.14285714285714285,0.0069836934385912415,0.0022089975672806013,0.03539226900993649,0.04009911294716936,0.12021049528899588,0.0003467985311348833,0.000301279436814526,0.0003467985311348833,1.2379063439466635,0.07364304301253562,20.662476098785046,0.01786639345764415,128.64447519371015,51.43984964155506
s2,22,5,0.9700818216544191,0.03528271336569555,388.0327286617677,0.03528271336569555,0.970973947761711,0.03528271336569555,0.12100090858544582,0.00021628852469680272,0.1282051282051282,0.005329454699110414,0.0017803677445609742,0.03528271336569555,0.04021044248830582,0.12100090858544582,0.00021628852469680272,0.0003032604225199143,0.00021628852469680272,1.1515839409149085,0.07569564628668764,21.748135393202176,0.019595573317635544,120.32227071194107,48.11507877363759
s3,22,5,1.1387229677164,0.04478167482751066,455.48918708656004,0.04478167482751066,1.1402865471337909,0.04478167482751066,0.1528426947148816,0.00026426004947693237,0.164021164021164,0.007718654828235235,0.003742230423503745,0.04478167482751066,0.04322817601626563,0.1528426947148816,0.00026426004947693237,0.0003830643977816582,0.00026426004947693237,1.8577799645333577,0.1285491984749458,21.85506130127725,0.01935832717015005,141.2027759112382,56.46511669597453
s4,22,5,0.677189022414527,0.031641009293504344,270.87560896581084,0.031641009293504344,0.6783070962710283,0.031641009293504344,0.1090069698359505,0.00018953059933273964,0.2222222222222222,0.010307903938439994,0.0017376931136856679,0.031641009293504344,0.047327554315551905,0.1090069698359505,0.00018953059933273964,0.0002732004256540113,0.00018953059933273964,0.6204908321103648,0.0533891600884173,24.288111354410862,0.020981381332384596,83.97659476200731,33.57951541852584
s5,22,5,0.7990553705418689,0.033209581232635364,319.6221482167476,0.033209581232635364,0.8000799662378935,0.033209581232635364,0.1145357134356866,0.00013658851771781433,0.10743801652892562,0.005378611341567893,0.0017007209810490855,0.033209581232635364,0.04585126724809383,0.1145357134356866,0.00013658851771781433,0.0002870569259039764,0.00013658851771781433,0.8380995187572023,0.06089214055413673,23.936587619430078,0.02060267057102887,99.11369277662338,39.635698896147055
s6,22,5,0.8941876349342571,0.03336893432330721,357.67505397370286,0.03336893432330721,0.8951222582311839,0.03336893432330721,0.1141406946621658,0.0002011806316515281,0.16911764705882354,0.008250157595099348,0.0018476534976140792,0.03336893432330721,0.03727059891594655,0.1141406946621658,0.0002011806316515281,0.0002860669039152025,0.0002011806316515281,0.9864378020521601,0.06951936957135643,19.93585248633067,0.016862141510890286,110.89036299228545,44.344764711987445
s7,22,5,0.9100589867324476,0.043399861004579154,364.02359469297903,0.043399861004579154,0.9124108703566148,0.043399861004579154,0.14704361073882682,0.0007364043073177937,0.12781954887218044,0.0061777945599521995,0.003537556199189584,0.043399861004579154,0.05932239416907285,0.14704361073882682,0.0007364043073177937,0.0003685303527288892,0.0007364043073177937,1.0833175951701055,0.08222432324038138,28.100977603962598,0.026695301153104183,112.87290175510911,45.11011327756898
s8,22,5,0.650262913818553,0.031111301727710698,260.10516552742115,0.031111301727710698,0.6516960672217633,0.031111301727710698,0.10489806694947855,0.000307935369314488,0.15873015873015872,0.0077129686881236255,0.0016254186762820776,0.031111301727710698,0.05978363767884441,0.10489806694947855,0.000307935369314488,0.0002629024234322771,0.000307935369314488,0.5665680720873775,0.04589129470646471,27.786327306869442,0.02627932275081683,80.6686340895496,32.25300177918718
s9,22,5,1.1544814201845424,0.05338345339900259,461.79256807381694,0.05338345339900259,1.1563156419026515,0.05338345339900259,0.18420383542796767,0.0003795064804619384,0.15702479338842976,0.00786104734536846,0.0043779040481427365,0.05338345339900259,0.04964684779735114,0.18420383542796767,0.0003795064804619384,0.0004616637479397686,0.0003795064804619384,1.6896756542133267,0.14263798375342793,25.19104494893283,0.022728169524678953,143.17642943515796,57.25049636251309
s1,23,6,1.5857461853198906,0.055727371197183725,634.2984741279563,0.055727371197183725,1.5873405575216193,0.055727371197183725,0.19398564541333163,9.71293467564869e-05,0.11971830985915492,0.00578624420051861,0.004102942703696694,0.055727371197183725,0.04549392606440482,0.19398564541333163,9.71293467564869e-05,0.0004861795624394276,9.71293467564869e-05,3.0526923418920355,0.175687438168592,23.58126721557973,0.019017152570494633,196.64192046986483,78.64461980572337
s10,23,6,0.8916269067792949,0.022831730417556213,356.650762711718,0.022831730417556213,0.8921949842370602,0.022831730417556213,0.07775693599021109,0.0001802565065751155,0.15873015873015872,0.0077907865016050674,0.0009551862693406108,0.022831730417556213,0.02846865772147312,0.07775693599021109,0.0001802565065751155,0.0001948795388225842,0.0001802565065751155,0.8832134172771567,0.04143616949981133,15.37964515924337,0.013139581176794313,110.58959418781723,44.22549261958868
s2,23,6,0.7909522915395671,0.022385621422736077,316.38091661582683,0.022385621422736077,0.7915643822667817,0.022385621422736077,0.07801829388833771,0.0002138671788781777,0.20149253731343283,0.010087211970667226,0.0008311104458866889,0.022385621422736077,0.0337758127061606,0.07801829388833771,0.0002138671788781777,0.00019553457114871608,0.0002138671788781777,0.7378472925911512,0.035573120908745384,17.90727607065484,0.0161587920934245,98.08661927671298,39.223263533476796
s3,23,6,0.6301194109915338,0.016289833589525706,252.0477643966135,0.016289833589525706,0.6304915623890643,0.016289833589525706,0.05626096350962093,8.16887457900684e-05,0.15873015873015872,0.0077907865016050674,0.0005849482124788863,0.016289833589525706,0.027580721611683293,0.05626096350962093,8.16887457900684e-05,0.00014100492107674417,8.16887457900684e-05,0.5861463847283109,0.028271470795867247,15.089672197494359,0.013143712736505978,78.16596419211895,31.261174298564843
s4,23,6,0.48947951693413094,0.012407079783753903,195.79180677365238,0.012407079783753903,0.48974924644759343,0.012407079783753903,0.0431957661008215,0.00012140769802621497,0.1592356687898089,0.007597014129028551,0.00024621238051805125,0.012407079783753903,0.02820193299219914,0.0431957661008215,0.00012140769802621497,0.00010826006541559274,0.00012140769802621497,0.26730647860900886,0.012142800378650143,15.624408259026046,0.013752230128221084,60.71989901484347,24.28169463951454
s5,23,6,0.7615974633532645,0.02227786761708079,304.6389853413058,0.02227786761708079,0.7622059111953461,0.02227786761708079,0.07977973956237393,0.00028441059200927154,0.1773049645390071,0.007833232750138495,0.0007798824793342711,0.02227786761708079,0.03531636997181377,0.07977973956237393,0.00028441059200927154,0.00019994922196083688,0.00028441059200927154,0.6610905293818354,0.032534411051649795,19.051049704339885,0.017156073403150937,94.428333881638,37.7574644074321
s6,23,6,0.6999650621393214,0.0277902662098992,279.98602485572854,0.0277902662098992,0.701765551779708,0.0277902662098992,0.09257548428220727,0.0009197087863266303,0.19014084507042253,0.00951891833851696,0.002562083013662783,0.0277902662098992,0.042973026014785025,0.09257548428220727,0.0009197087863266303,0.000232018757599517,0.0009197087863266303,0.5452253288161494,0.03955860715443103,21.11396410770566,0.022264759976073006,86.83485205965182,34.69907620023827
s7,23,6,1.0754565515886976,0.06168528801185073,430.182620635479,0.06168528801185073,1.0780703890941876,0.06168528801185073,0.21237054801531957,0.0001967724282827514,0.10077519379844961,0.00504505404906756,0.005990057167354918,0.06168528801185073,0.06909317201398023,0.21237054801531957,0.0001967724282827514,0.0005322570125697232,0.0001967724282827514,1.8775418603699308,0.17084127746139843,33.60414197154808,0.02922934860462186,133.38833077586273,53.338613914680955
s8,23,6,0.4801500756541381,0.0152873144155241,192.0600302616552,0.0152873144155241,0.4805622598189178,0.0152873144155241,0.05275979566853628,0.00010608011964744392,0.09285714285714286,0.004648656945212251,0.00033067024466181417,0.0152873144155241,0.0388033123730738,0.05275979566853628,0.00010608011964744392,0.00013223006433217113,0.00010608011964744392,0.26989294745780484,0.014424512222663749,20.648464645135597,0.018192536791341973,59.546541247255234,23.81309471950932
s9,23,6,0.7877709282066991,0.027257442752855257,315.1083712826796,0.027257442752855257,0.7891832684852462,0.027257442752855257,0.09186375824236073,0.0005906648370748301,0.19548872180451127,0.009565479783183799,0.002030638595338,0.027257442752855257,0.03889319926392788,0.09186375824236073,0.0005906648370748301,0.00023023498306356074,0.0005906648370748301,0.6944829230526531,0.042821008587968265,19.003821995070552,0.018698885514370083,97.70638555154456,39.0566472188168
s1,26,9,0.5653860425567774,0.01915705769843543,226.15441702271096,0.01915705769843543,0.5659434161145713,0.01915705769843543,0.0669873615748052,0.00030648819253273807,0.2,0.008898622675915197,0.0005880652146449906,0.01915705769843543,0.03741803237972783,0.0669873615748052,0.00030648819253273807,0.00016788812424763208,0.00030648819253273807,0.39343789955794223,0.024624755467782544,19.994907769063563,0.019979097091700967,70.16279485888262,28.048829317049293
s10,26,9,0.6940371190319521,0.017737299462160037,277.6148476127808,0.017737299462160037,0.6945184911131129,0.017737299462160037,0.06268282941018535,0.00029429097274241494,0.19791666666666666,0.009576448499491097,0.0006638984889452529,0.017737299462160037,0.028058544780455344,0.06268282941018535,0.00029429097274241494,0.00015709982308317132,0.00029429097274241494,0.5621681963782267,0.026218754988834154,15.494204859582366,0.014375066649471623,86.13520884629021,34.440026913471215
s2,26,9,0.7102167563347251,0.009327540886790848,284.08670253389005,0.009327540886790848,0.7103372025385585,0.009327540886790848,0.0316506772839854,0.00019595809402551275,0.18699186991869918,0.009122125471004156,0.00016547100861235615,0.009327540886790848,0.013454444410415932,0.0316506772839854,0.00019595809402551275,7.932500572427417e-05,0.00019595809402551275,0.5111741934333468,0.013115828867126316,7.841759152801657,0.007889273277447375,88.09589021636515,35.2301462081014
s3,26,9,0.5668484352986871,0.0132272492765031,226.73937411947486,0.0132272492765031,0.5671239180474749,0.0132272492765031,0.0453528001119099,7.608513720421244e-05,0.19791666666666666,0.00942324467919951,0.00033904053185211105,0.0132272492765031,0.0232808482219652,0.0453528001119099,7.608513720421244e-05,0.00011366616569400977,7.608513720421244e-05,0.3806704111799489,0.01719793216224609,12.979554392930966,0.01067074823797154,70.29677497019766,28.114125748987863
s4,26,9,0.5344458942858448,0.014812825606723493,213.77835771433791,0.014812825606723493,0.5348914133256542,0.014812825606723493,0.051765755887312456,0.00026080829415589475,0.16037735849056603,0.0074738824809213,0.0004094285480684376,0.014812825606723493,0.029734401345460935,0.051765755887312456,0.00026080829415589475,0.00012973873655968036,0.00026080829415589475,0.3116768774374199,0.016090647678892366,15.883031168570724,0.015239244076844204,66.32458677222746,26.517296113311364
s5,26,9,0.45965396585785245,0.012383253451524667,183.86158634314097,0.012383253451524667,0.45994835318880645,0.012383253451524667,0.04294339024299454,0.00016202279137932609,0.14018691588785046,0.006743193996763424,0.0002494311765945344,0.012383253451524667,0.029007955723830782,0.04294339024299454,0.00016202279137932609,0.00010762754446865799,0.00016202279137932609,0.2285951338546115,0.011271039588727268,15.828248030871803,0.014667025339826235,57.0317687836073,22.80457536304866
s6,26,9,0.5183577668452807,0.019081924413894943,207.3431067381123,0.019081924413894943,0.5193187769489759,0.019081924413894943,0.06025615950395015,0.0005472368977642203,0.20512820512820512,0.010017811045670849,0.0010412614026444789,0.019081924413894943,0.038826787925493135,0.06025615950395015,0.0005472368977642203,0.0001510179436189227,0.0005472368977642203,0.29033790292979944,0.020070938586207832,19.06003506091761,0.019948355515208113,64.322626092295,25.707452093790785
s7,26,9,0.3851724775413922,0.011682714873979424,154.06899101655688,0.011682714873979424,0.38560884289537445,0.011682714873979424,0.03987149961007016,0.0002629229421700012,0.19230769230769232,0.009250278944278031,0.0002739627820505446,0.011682714873979424,0.03523920814599996,0.03987149961007016,0.0002629229421700012,9.992857045130366e-05,0.0002629229421700012,0.18412539408315842,0.010001626278456627,17.38933403467787,0.019393585099782906,47.821005980700306,19.117262108496472
s8,26,9,0.9270395621629561,0.058696039610643715,370.8158248651825,0.058696039610643715,0.9298163663770289,0.058696039610643715,0.20228439540261745,0.00020353238932367904,0.1523809523809524,0.007068276986358854,0.004759099823520247,0.058696039610643715,0.08507268969169615,0.20228439540261745,0.00020353238932367904,0.0005069784345930262,0.00020353238932367904,1.3007157170577544,0.1252393127813625,39.10146535139246,0.03408254347600276,115.03562666523256,45.9985370286586
s9,26,9,0.5744931474330812,0.01204023668757344,229.7972589732325,0.01204023668757344,0.5747399163815976,0.01204023668757344,0.043083441810660504,0.0001481449420056712,0.11214953271028037,0.0056144814291564215,0.00026209869090911193,0.01204023668757344,0.022245909483035644,0.043083441810660504,0.0001481449420056712,0.00010797855090391103,0.0001481449420056712,0.3455151577892756,0.013713583374399098,12.36928413411229,0.011585964327899581,71.25381715427778,28.494592180132436
s1,27,10,2.209815903584517,0.10959776802661228,883.9263614338067,0.10959776802661228,2.214741187425749,0.10959776802661228,0.37773795302012386,0.00035141626324408854,0.1015625,0.004854662803388518,0.01670220749209493,0.10959776802661228,0.07857762009507488,0.37773795302012386,0.00035141626324408854,0.0009467116617045712,0.00035141626324408854,7.002816978955926,0.4974460702798091,35.924135103642854,0.03149188206124419,274.0815055432084,109.60272104224155
s10,27,10,2.681876926649042,0.17749803544268933,1072.7507706596168,0.17749803544268933,2.692199012967387,0.17749803544268933,0.6080803489229691,0.002526874691803776,0.1348314606741573,0.006749994527188058,0.04979308125526441,0.17749803544268933,0.08796929127294362,0.6080803489229691,0.002526874691803776,0.0015240108995563135,0.002526874691803776,9.89377990397031,1.0011354786794981,39.70771636021286,0.03712064265889117,332.3720304606601,132.82921805759864
s2,27,10,2.127132784162407,0.1679636190347814,850.8531136649628,0.1679636190347814,2.1373225603598582,0.1679636190347814,0.5786518129242996,0.00039183811745800587,0.21138211382113822,0.010343161066369474,0.04981204277287443,0.1679636190347814,0.1012338292199638,0.5786518129242996,0.00039183811745800587,0.0014502551702363397,0.00039183811745800587,8.695084082807258,1.0510724548967718,43.35525222741595,0.03635490274086996,263.8548790064669,105.50571090385299
s3,27,10,2.2150559873089914,0.10224434067547854,886.0223949235967,0.10224434067547854,2.2188270885179735,0.10224434067547854,0.3566446122797439,0.0004530682487104039,0.125,0.00625780742624726,0.015214436399569094,0.10224434067547854,0.05937756598465197,0.3566446122797439,0.0004530682487104039,0.000893846146064521,0.0004530682487104039,6.821623095320258,0.5068564671858347,29.72367044079975,0.026076466126089205,274.7128025116017,109.85240479508882
s4,27,10,2.043041453169951,0.1525837252398922,817.2165812679804,0.1525837252398922,2.0529821152574894,0.1525837252398922,0.5248797061368562,0.0004057645950708515,0.18620689655172415,0.009119112210851196,0.04134249581863788,0.1525837252398922,0.12635949936433422,0.5248797061368562,0.0004057645950708515,0.001315487985305404,0.0004057645950708515,8.995845562858433,0.9253837697740793,49.160568523076265,0.04237880355103043,253.38663766651533,101.31798321710296
s5,27,10,2.4937094670045443,0.16105433911301342,997.4837868018176,0.16105433911301342,2.5008493888062615,0.16105433911301342,0.557665992150165,0.00033691082814294154,0.10317460317460317,0.0051651743835691676,0.04166486674777887,0.16105433911301342,0.07691994835909889,0.557665992150165,0.00033691082814294154,0.0013976591281959026,0.00033691082814294154,10.496661205355677,1.09311238788865,37.47656060511775,0.031603683284548094,309.3006047687673,123.68522377655403
s6,27,10,1.3697701991389255,0.09568802344988481,547.9080796555702,0.09568802344988481,1.3753313862131378,0.09568802344988481,0.3284467709060341,0.0005728992154794657,0.1793103448275862,0.008976716859720209,0.016925236598421007,0.09568802344988481,0.08711499071097638,0.3284467709060341,0.0005728992154794657,0.0008231748644261505,0.0005728992154794657,3.489435823872272,0.37631195001388934,38.50615191426551,0.03438137048732909,169.935554694609,67.94144756782354
s7,27,10,2.318168010484147,0.14472091084305816,927.2672041936588,0.14472091084305816,2.325522554561791,0.14472091084305816,0.49859617634601483,0.00024268518290068486,0.14925373134328357,0.006813461102325427,0.03304948152109327,0.14472091084305816,0.10057306865858548,0.49859617634601483,0.00024268518290068486,0.0012496144770576811,0.00024268518290068486,9.393178316968708,0.8798306660259667,42.33367677197645,0.035162189016275595,287.54512277561906,114.98804404547616
s8,27,10,1.6307650160077023,0.11477832875381648,652.3060064030809,0.11477832875381648,1.6378853865363452,0.11483630434604902,0.39564824387527187,0.0001978001168791261,0.16666666666666666,0.007861202737444254,0.02234085880357891,0.11483630434604902,0.12293939557498743,0.39564824387527187,0.0001978001168791261,0.0009915996087099545,0.0001978001168791261,5.152944435600525,0.5146053772394698,48.03252581101324,0.03938369863909733,202.25309274887195,80.87764976392813
s9,27,10,1.1831025239926187,0.07247753177346093,473.2410095970475,0.07247753177346093,1.186682448886501,0.07247753177346093,0.24604817705394522,0.0005202611925457983,0.1984126984126984,0.009933027660709937,0.00866170462504033,0.07247753177346093,0.06756822742878756,0.24604817705394522,0.0005202611925457983,0.0006166620978795619,0.0005202611925457983,2.0762726214976235,0.21506607659597166,31.41509993396274,0.028608891999121883,146.75400272857775,58.67220552781243
s1,30,13,1.3488134789794402,0.05112736028499353,539.5253915917762,0.05112736028499353,1.3508954970766347,0.05112736028499353,0.17922589636071484,0.0004158167283022028,0.14655172413793102,0.007336739741117478,0.0038662804079265243,0.05112736028499353,0.05421070415052865,0.17922589636071484,0.0004158167283022028,0.00044918771017723015,0.0004158167283022028,2.194206277159224,0.12501360800017977,26.046047827241605,0.023353066043943913,167.280271371861,66.8880069096027
s10,30,13,0.6901832721262743,0.015015251521504125,276.07330885050976,0.015015251521504125,0.6904813260442842,0.015015251521504125,0.05259609683101466,0.00023964582470079518,0.171875,0.008604485211089983,0.00040192812412647236,0.015015251521504125,0.02337696636271024,0.05259609683101466,0.00023964582470079518,0.00013181979155642772,0.00023964582470079518,0.5279397823481389,0.021280745714938293,13.450925810974207,0.012585814926028975,85.64762099550397,34.24737900878444
s2,30,13,1.5522806089333943,0.055770612085141016,620.9122435733577,0.055770612085141016,1.5541138882048362,0.055770612085141016,0.19488255167623195,0.0003251203016664038,0.11304347826086956,0.005403450772467219,0.0047934470241284095,0.055770612085141016,0.045397508445991684,0.19488255167623195,0.0003251203016664038,0.0004884274478101051,0.0003251203016664038,2.955354296315188,0.17359721572366527,23.205315565740005,0.020423035951069823,192.52185973833738,76.98939214708312
s3,30,13,0.9473079233847604,0.02986000592247906,378.92316935390414,0.02986000592247906,0.9484022084087149,0.02986000592247906,0.10098599809409818,0.00021415924775459633,0.13541666666666666,0.006626087558142944,0.0017683972174749555,0.02986000592247906,0.037357740678312545,0.10098599809409818,0.00021415924775459633,0.000253097739584206,0.00021415924775459633,1.105161916154396,0.06115832719490307,18.78279704205646,0.01634509003984413,117.47153817736317,46.97712740035399
s4,30,13,0.6896360083030632,0.02804717802972417,275.8544033212253,0.02804717802972417,0.6913770328647839,0.02804717802972417,0.09380901625284571,0.0004960438215721797,0.13821138211382114,0.006919201707070142,0.001637786071507982,0.02804717802972417,0.05537227049227316,0.09380901625284571,0.0004960438215721797,0.0002351103164231722,0.0004960438215721797,0.599208365469793,0.037080041975152675,25.489836740381254,0.025125795810722003,85.58419605539453,34.21142077622209
s5,30,13,0.8359714345671809,0.031016055754150323,334.3885738268724,0.031016055754150323,0.8372567865102528,0.031016055754150323,0.10681152407765039,0.0004826498048686949,0.13333333333333333,0.006674994587997077,0.0017958723159546776,0.031016055754150323,0.04568305211364876,0.10681152407765039,0.0004826498048686949,0.00026769805533245707,0.0004826498048686949,0.8540477329437063,0.05260908556233309,22.927319944988533,0.022629380860344342,103.70270762563793,41.45632828311493
s6,30,13,0.7267133937029115,0.020327359749830787,290.6853574811646,0.020327359749830787,0.7273324463450755,0.020327359749830787,0.07188761791208209,0.0005603875157519176,0.17699115044247787,0.008600301369058202,0.0007645508115083829,0.020327359749830787,0.031514417041742744,0.07188761791208209,0.0005603875157519176,0.0001801694684513336,0.0005603875157519176,0.6030197640638569,0.030300134962152652,17.184688389088283,0.018726625425363,90.21482192338424,36.06001142271363
s7,30,13,1.1059684721025846,0.04985658810697485,442.3873888410339,0.04985658810697485,1.1079921642847579,0.04985658810697485,0.17271982680836204,0.0002866857906366538,0.11206896551724138,0.0056104480373251305,0.003342146529897584,0.04985658810697485,0.0626829520314669,0.17271982680836204,0.0002866857906366538,0.0004328817714495289,0.0002866857906366538,1.5977818274725275,0.10911949994358801,30.206917538856715,0.02653913913149888,137.14946700156517,54.84182792429914
s8,30,13,0.703617970687431,0.030638811719051515,281.4471882749724,0.030638811719051515,0.705183442664396,0.030638811719051515,0.10402636065523603,0.00040154551547389025,0.15454545454545454,0.007736925545178432,0.0018561275824673816,0.030638811719051515,0.05498744762397614,0.10402636065523603,0.00040154551547389025,0.00026071769587778453,0.00040154551547389025,0.6763580979088402,0.05145276042967927,24.848624705135855,0.025487817109292765,87.33203853989353,34.913977040441424
s9,30,13,0.9607985318803692,0.03260747410964392,384.3194127521476,0.03260747410964392,0.9617885690607086,0.03260747410964392,0.11484003010787978,0.00028549548671395693,0.12149532710280374,0.0060823548815861226,0.0015129896769895412,0.03260747410964392,0.041758563276324843,0.11484003010787978,0.00028549548671395693,0.00028781962433052573,0.00028549548671395693,1.0541253019079009,0.06001785410332928,21.583159698612075,0.01977826592759107,119.20436379626193,47.66607010952552
s1,34,17,0.4825713947058824,0.016826790209677513,193.02855788235294,0.016826790209677513,0.4833266978346037,0.016826790209677513,0.05595043439704622,0.0004504175303947787,0.20394736842105263,0.01001658623824563,0.0007293736177798604,0.016826790209677513,0.03513514336383717,0.05595043439704622,0.0004504175303947787,0.000140226652624176,0.0004504175303947787,0.2594959792192415,0.017396716599180656,17.576329582798717,0.01796885771118245,59.86581146833725,23.9253875555761
s10,34,17,0.5740250469634576,0.01964039267152162,229.610018785383,0.01964039267152162,0.574590471897782,0.01964039267152162,0.06753528461056278,0.00018605985804098793,0.18229166666666666,0.009125969163277256,0.0006162381192796246,0.01964039267152162,0.037807993779366944,0.06753528461056278,0.00018605985804098793,0.0001692613649387538,0.00018605985804098793,0.3692912572005988,0.02306931938815884,20.068532311612824,0.017124235207981217,71.20835947926656,28.47458680790399
s2,34,17,0.7026335659357265,0.030064505379693518,281.05342637429055,0.030064505379693518,0.7036460318972987,0.030064505379693518,0.10466893832460394,0.0004543042270681509,0.1935483870967742,0.009689508272898986,0.0015552287567854443,0.030064505379693518,0.04467206418093081,0.10466893832460394,0.0004543042270681509,0.00026232816622707755,0.0004543042270681509,0.5994212303779537,0.04861717150481169,23.29163169613735,0.021271778763612272,87.18540622934458,34.8541327179926
s3,34,17,0.4223265986062891,0.015317867907818547,168.93063944251563,0.015317867907818547,0.4227974759303998,0.015317867907818547,0.052331757431608894,0.00010054052069807623,0.19270833333333334,0.00949424929517294,0.00045415900423553677,0.015317867907818547,0.035938231009148405,0.052331757431608894,0.00010054052069807623,0.00013115728679601228,0.00010054052069807623,0.2147942714086236,0.01543749599378759,19.06378446105895,0.01622332698445381,52.383180423383955,20.9474515065924
s4,34,17,0.3946411547819997,0.01329501292596082,157.85646191279986,0.01329501292596082,0.39531863455896665,0.01329501292596082,0.045523485410232274,0.00039041711820523504,0.23232323232323232,0.011630672388176728,0.0004274779404942583,0.01329501292596082,0.03892121969325693,0.045523485410232274,0.00039041711820523504,0.00011409394839657211,0.00039041711820523504,0.17019422902944192,0.010328904125447598,18.47595460925331,0.020222970916512942,49.035910317598194,19.60035266991087
s5,34,17,0.8474828363837488,0.0237992567491196,338.99313455349954,0.0237992567491196,0.8481614820505429,0.0237992567491196,0.08484823782434915,0.00020877935561369293,0.12686567164179105,0.006351207537086772,0.0008901815225718239,0.0237992567491196,0.034828554639054064,0.08484823782434915,0.00020877935561369293,0.0002126522251236821,0.00020877935561369293,0.8023397388522241,0.03661458153571171,18.36584372075335,0.015294683669824304,105.12662540173218,42.039213276728965
s6,34,17,0.6296489144759176,0.02623216071635832,251.85956579036701,0.02623216071635832,0.6306225330142788,0.02623216071635832,0.08977546234606956,0.00046265810193765847,0.17355371900826447,0.00795922518282302,0.0013803807327200752,0.02623216071635832,0.04038109824955134,0.08977546234606956,0.00046265810193765847,0.00022500115876207912,0.00046265810193765847,0.48048615868204353,0.03933656819087834,20.663343423482686,0.018802151406388527,78.16521758462255,31.247819828303065
s7,34,17,0.47965306675016395,0.01790792575640317,191.8612267000656,0.01790792575640317,0.4802866871542187,0.01790792575640317,0.061299171877411275,0.00029269667588297074,0.20212765957446807,0.009806080800995732,0.0005286327256978137,0.01790792575640317,0.04237937747762288,0.061299171877411275,0.00029269667588297074,0.00015363200971782275,0.00029269667588297074,0.2502532340484188,0.016347737061950626,21.478631146348057,0.020578756529690632,59.4777156827548,23.777898560853654
s8,34,17,0.28170426097220225,0.012329995821883887,112.68170438888089,0.012329995821883887,0.2825459608149621,0.012329995821883887,0.0416711247194181,0.00028749700502308655,0.2,0.010012491881995619,0.0006523851707176192,0.012329995821883887,0.0395816179788681,0.0416711247194181,0.00028749700502308655,0.00010443890907122329,0.00028749700502308655,0.11172682243095033,0.01038379819949224,19.58748967190706,0.019851289499790963,34.98010416691667,13.979310226595283
s9,34,17,0.6250311592051301,0.013412297125090239,250.01246368205204,0.013412297125090239,0.6252845340679031,0.013412297125090239,0.04841234468363263,0.0001036256926325654,0.2072072072072072,0.010373302400265731,0.00034979715400748146,0.013412297125090239,0.021163086832779236,0.04841234468363263,0.0001036256926325654,0.0001213341972020868,0.0001036256926325654,0.4220525009379889,0.01843927393668348,11.578456127374658,0.010330106814142802,77.53165674579557,31.006929096132936
